,0,1
0,/data-sdd/forrest/keep/by_id/su92l-4zz18-ywqn26gpxtolv1x/LP6005443-DNA_D02.vfy," OK
"
1,/data-sdd/forrest/keep/by_id/su92l-4zz18-ywqn26gpxtolv1x/LP6005592-DNA_B04.vfy," OK
"
2,/data-sdd/forrest/keep/by_id/su92l-4zz18-ywqn26gpxtolv1x/LP6005442-DNA_D10.vfy," OK
"
3,/data-sdd/forrest/keep/by_id/su92l-4zz18-ywqn26gpxtolv1x/LP6005441-DNA_F12.vfy," OK
"
4,/data-sdd/forrest/keep/by_id/su92l-4zz18-ywqn26gpxtolv1x/LP6005442-DNA_A04.vfy," OK
"
5,/data-sdd/forrest/keep/by_id/su92l-4zz18-ywqn26gpxtolv1x/LP6005519-DNA_F06.vfy," OK
"
6,/data-sdd/forrest/keep/by_id/su92l-4zz18-ywqn26gpxtolv1x/LP6005441-DNA_H03.vfy," OK
"
7,/data-sdd/forrest/keep/by_id/su92l-4zz18-ywqn26gpxtolv1x/SS6004469.vfy," OK
"
8,/data-sdd/forrest/keep/by_id/su92l-4zz18-ywqn26gpxtolv1x/LP6005441-DNA_C02.vfy," OK
"
9,/data-sdd/forrest/keep/by_id/su92l-4zz18-ywqn26gpxtolv1x/LP6005443-DNA_D06.vfy," OK
"
10,/data-sdd/forrest/keep/by_id/su92l-4zz18-ywqn26gpxtolv1x/LP6005441-DNA_A06.vfy," OK
"
11,/data-sdd/forrest/keep/by_id/su92l-4zz18-ywqn26gpxtolv1x/LP6005443-DNA_G08.vfy," OK
"
12,/data-sdd/forrest/keep/by_id/su92l-4zz18-ywqn26gpxtolv1x/LP6005519-DNA_B06.vfy," OK
"
13,/data-sdd/forrest/keep/by_id/su92l-4zz18-ywqn26gpxtolv1x/LP6005519-DNA_A06.vfy," OK
"
14,/data-sdd/forrest/keep/by_id/su92l-4zz18-ywqn26gpxtolv1x/LP6005441-DNA_B03.vfy," OK
"
15,/data-sdd/forrest/keep/by_id/su92l-4zz18-ywqn26gpxtolv1x/LP6005441-DNA_G10.vfy," OK
"
16,/data-sdd/forrest/keep/by_id/su92l-4zz18-ywqn26gpxtolv1x/LP6005442-DNA_B08.vfy," OK
"
17,/data-sdd/forrest/keep/by_id/su92l-4zz18-ywqn26gpxtolv1x/LP6005592-DNA_D01.vfy," OK
"
18,/data-sdd/forrest/keep/by_id/su92l-4zz18-ywqn26gpxtolv1x/LP6005442-DNA_H04.vfy," OK
"
19,/data-sdd/forrest/keep/by_id/su92l-4zz18-ywqn26gpxtolv1x/LP6005441-DNA_F10.vfy," OK
"
20,/data-sdd/forrest/keep/by_id/su92l-4zz18-ywqn26gpxtolv1x/LP6005441-DNA_G02.vfy," OK
"
21,/data-sdd/forrest/keep/by_id/su92l-4zz18-ywqn26gpxtolv1x/LP6005441-DNA_A03.vfy," OK
"
22,/data-sdd/forrest/keep/by_id/su92l-4zz18-ywqn26gpxtolv1x/LP6005443-DNA_A06.vfy," OK
"
23,/data-sdd/forrest/keep/by_id/su92l-4zz18-ywqn26gpxtolv1x/LP6005441-DNA_C03.vfy," OK
"
24,/data-sdd/forrest/keep/by_id/su92l-4zz18-ywqn26gpxtolv1x/LP6005619-DNA_C01.vfy," OK
"
25,/data-sdd/forrest/keep/by_id/su92l-4zz18-ywqn26gpxtolv1x/LP6005442-DNA_A10.vfy," OK
"
26,/data-sdd/forrest/keep/by_id/su92l-4zz18-ywqn26gpxtolv1x/LP6005441-DNA_F03.vfy," OK
"
27,/data-sdd/forrest/keep/by_id/su92l-4zz18-ywqn26gpxtolv1x/LP6005441-DNA_A05.vfy," OK
"
28,/data-sdd/forrest/keep/by_id/su92l-4zz18-ywqn26gpxtolv1x/LP6005441-DNA_F06.vfy," OK
"
29,/data-sdd/forrest/keep/by_id/su92l-4zz18-ywqn26gpxtolv1x/LP6005441-DNA_F09.vfy," OK
"
30,/data-sdd/forrest/keep/by_id/su92l-4zz18-ywqn26gpxtolv1x/LP6005442-DNA_C11.vfy," OK
"
31,/data-sdd/forrest/keep/by_id/su92l-4zz18-ywqn26gpxtolv1x/LP6005442-DNA_D03.vfy," OK
"
32,/data-sdd/forrest/keep/by_id/su92l-4zz18-ywqn26gpxtolv1x/LP6005442-DNA_H01.vfy," OK
"
33,/data-sdd/forrest/keep/by_id/su92l-4zz18-ywqn26gpxtolv1x/LP6005441-DNA_G08.vfy," OK
"
34,/data-sdd/forrest/keep/by_id/su92l-4zz18-ywqn26gpxtolv1x/LP6005443-DNA_F01.vfy," OK
"
35,/data-sdd/forrest/keep/by_id/su92l-4zz18-ywqn26gpxtolv1x/LP6005441-DNA_D08.vfy," OK
"
36,/data-sdd/forrest/keep/by_id/su92l-4zz18-ywqn26gpxtolv1x/LP6005442-DNA_G12.vfy," OK
"
37,/data-sdd/forrest/keep/by_id/su92l-4zz18-ywqn26gpxtolv1x/LP6005442-DNA_D01.vfy," OK
"
38,/data-sdd/forrest/keep/by_id/su92l-4zz18-ywqn26gpxtolv1x/LP6005441-DNA_F04.vfy," OK
"
39,/data-sdd/forrest/keep/by_id/su92l-4zz18-ywqn26gpxtolv1x/LP6005441-DNA_F05.vfy," OK
"
40,/data-sdd/forrest/keep/by_id/su92l-4zz18-ywqn26gpxtolv1x/LP6005519-DNA_E04.vfy," OK
"
41,/data-sdd/forrest/keep/by_id/su92l-4zz18-ywqn26gpxtolv1x/LP6005443-DNA_A12.vfy," OK
"
42,/data-sdd/forrest/keep/by_id/su92l-4zz18-ywqn26gpxtolv1x/LP6005441-DNA_E08.vfy," OK
"
43,/data-sdd/forrest/keep/by_id/su92l-4zz18-ywqn26gpxtolv1x/LP6005443-DNA_H08.vfy," OK
"
44,/data-sdd/forrest/keep/by_id/su92l-4zz18-ywqn26gpxtolv1x/LP6005592-DNA_E01.vfy," OK
"
45,/data-sdd/forrest/keep/by_id/su92l-4zz18-ywqn26gpxtolv1x/SS6004473.vfy," OK
"
46,/data-sdd/forrest/keep/by_id/su92l-4zz18-ywqn26gpxtolv1x/LP6005519-DNA_B05.vfy," OK
"
47,/data-sdd/forrest/keep/by_id/su92l-4zz18-ywqn26gpxtolv1x/LP6005441-DNA_C01.vfy," OK
"
48,/data-sdd/forrest/keep/by_id/su92l-4zz18-ywqn26gpxtolv1x/LP6005442-DNA_E04.vfy," OK
"
49,/data-sdd/forrest/keep/by_id/su92l-4zz18-ywqn26gpxtolv1x/LP6005441-DNA_A12.vfy," OK
"
50,/data-sdd/forrest/keep/by_id/su92l-4zz18-ywqn26gpxtolv1x/LP6005443-DNA_D08.vfy," OK
"
51,/data-sdd/forrest/keep/by_id/su92l-4zz18-ywqn26gpxtolv1x/LP6005441-DNA_D01.vfy," OK
"
52,/data-sdd/forrest/keep/by_id/su92l-4zz18-ywqn26gpxtolv1x/LP6005443-DNA_C02.vfy," OK
"
53,/data-sdd/forrest/keep/by_id/su92l-4zz18-ywqn26gpxtolv1x/LP6005443-DNA_G04.vfy," OK
"
54,/data-sdd/forrest/keep/by_id/su92l-4zz18-ywqn26gpxtolv1x/LP6005443-DNA_G05.vfy," OK
"
55,/data-sdd/forrest/keep/by_id/su92l-4zz18-ywqn26gpxtolv1x/LP6005441-DNA_D02.vfy," OK
"
56,/data-sdd/forrest/keep/by_id/su92l-4zz18-ywqn26gpxtolv1x/LP6007068-DNA_A01.vfy," OK
"
57,/data-sdd/forrest/keep/by_id/su92l-4zz18-ywqn26gpxtolv1x/LP6005592-DNA_B03.vfy," OK
"
58,/data-sdd/forrest/keep/by_id/su92l-4zz18-ywqn26gpxtolv1x/LP6005441-DNA_B08.vfy," OK
"
59,/data-sdd/forrest/keep/by_id/su92l-4zz18-ywqn26gpxtolv1x/LP6005442-DNA_F09.vfy," OK
"
60,/data-sdd/forrest/keep/by_id/su92l-4zz18-ywqn26gpxtolv1x/LP6005519-DNA_D06.vfy," OK
"
61,/data-sdd/forrest/keep/by_id/su92l-4zz18-ywqn26gpxtolv1x/LP6005442-DNA_A03.vfy," OK
"
62,/data-sdd/forrest/keep/by_id/su92l-4zz18-ywqn26gpxtolv1x/LP6005443-DNA_C06.vfy," OK
"
63,/data-sdd/forrest/keep/by_id/su92l-4zz18-ywqn26gpxtolv1x/LP6005441-DNA_H05.vfy," OK
"
64,/data-sdd/forrest/keep/by_id/su92l-4zz18-ywqn26gpxtolv1x/LP6005441-DNA_C08.vfy," OK
"
65,/data-sdd/forrest/keep/by_id/su92l-4zz18-ywqn26gpxtolv1x/LP6005441-DNA_G05.vfy," OK
"
66,/data-sdd/forrest/keep/by_id/su92l-4zz18-ywqn26gpxtolv1x/LP6005441-DNA_D03.vfy," OK
"
67,/data-sdd/forrest/keep/by_id/su92l-4zz18-ywqn26gpxtolv1x/LP6005441-DNA_F08.vfy," OK
"
68,/data-sdd/forrest/keep/by_id/su92l-4zz18-ywqn26gpxtolv1x/LP6005442-DNA_A08.vfy," OK
"
69,/data-sdd/forrest/keep/by_id/su92l-4zz18-ywqn26gpxtolv1x/LP6005443-DNA_H01.vfy," OK
"
70,/data-sdd/forrest/keep/by_id/su92l-4zz18-ywqn26gpxtolv1x/LP6005519-DNA_F03.vfy," OK
"
71,/data-sdd/forrest/keep/by_id/su92l-4zz18-ywqn26gpxtolv1x/LP6005443-DNA_F04.vfy," OK
"
72,/data-sdd/forrest/keep/by_id/su92l-4zz18-ywqn26gpxtolv1x/LP6005442-DNA_E12.vfy," OK
"
73,/data-sdd/forrest/keep/by_id/su92l-4zz18-ywqn26gpxtolv1x/LP6005443-DNA_B06.vfy," OK
"
74,/data-sdd/forrest/keep/by_id/su92l-4zz18-ywqn26gpxtolv1x/LP6005442-DNA_E11.vfy," OK
"
75,/data-sdd/forrest/keep/by_id/su92l-4zz18-ywqn26gpxtolv1x/LP6005442-DNA_B02.vfy," OK
"
76,/data-sdd/forrest/keep/by_id/su92l-4zz18-ywqn26gpxtolv1x/LP6005443-DNA_C03.vfy," OK
"
77,/data-sdd/forrest/keep/by_id/su92l-4zz18-ywqn26gpxtolv1x/LP6005441-DNA_D05.vfy," OK
"
78,/data-sdd/forrest/keep/by_id/su92l-4zz18-ywqn26gpxtolv1x/LP6005592-DNA_A02.vfy," OK
"
79,/data-sdd/forrest/keep/by_id/su92l-4zz18-ywqn26gpxtolv1x/LP6005443-DNA_D03.vfy," OK
"
80,/data-sdd/forrest/keep/by_id/su92l-4zz18-ywqn26gpxtolv1x/LP6005592-DNA_C02.vfy," OK
"
81,/data-sdd/forrest/keep/by_id/su92l-4zz18-ywqn26gpxtolv1x/LP6005441-DNA_B11.vfy," OK
"
82,/data-sdd/forrest/keep/by_id/su92l-4zz18-ywqn26gpxtolv1x/LP6005519-DNA_E06.vfy," OK
"
83,/data-sdd/forrest/keep/by_id/su92l-4zz18-ywqn26gpxtolv1x/LP6005443-DNA_F07.vfy," OK
"
84,/data-sdd/forrest/keep/by_id/su92l-4zz18-ywqn26gpxtolv1x/LP6005441-DNA_F07.vfy," OK
"
85,/data-sdd/forrest/keep/by_id/su92l-4zz18-ywqn26gpxtolv1x/LP6005443-DNA_B07.vfy," OK
"
86,/data-sdd/forrest/keep/by_id/su92l-4zz18-ywqn26gpxtolv1x/LP6005677-DNA_F01.vfy," OK
"
87,/data-sdd/forrest/keep/by_id/su92l-4zz18-ywqn26gpxtolv1x/LP6005519-DNA_G04.vfy," OK
"
88,/data-sdd/forrest/keep/by_id/su92l-4zz18-ywqn26gpxtolv1x/LP6005442-DNA_B03.vfy," OK
"
89,/data-sdd/forrest/keep/by_id/su92l-4zz18-ywqn26gpxtolv1x/LP6005441-DNA_D04.vfy," OK
"
90,/data-sdd/forrest/keep/by_id/su92l-4zz18-ywqn26gpxtolv1x/LP6005441-DNA_D09.vfy," OK
"
91,/data-sdd/forrest/keep/by_id/su92l-4zz18-ywqn26gpxtolv1x/LP6005441-DNA_F02.vfy," OK
"
92,/data-sdd/forrest/keep/by_id/su92l-4zz18-ywqn26gpxtolv1x/LP6005443-DNA_D05.vfy," OK
"
93,/data-sdd/forrest/keep/by_id/su92l-4zz18-ywqn26gpxtolv1x/LP6005441-DNA_E05.vfy," OK
"
94,/data-sdd/forrest/keep/by_id/su92l-4zz18-ywqn26gpxtolv1x/LP6007069-DNA_A01.vfy," OK
"
95,/data-sdd/forrest/keep/by_id/su92l-4zz18-ywqn26gpxtolv1x/LP6005441-DNA_D11.vfy," OK
"
96,/data-sdd/forrest/keep/by_id/su92l-4zz18-ywqn26gpxtolv1x/LP6005441-DNA_C05.vfy," OK
"
97,/data-sdd/forrest/keep/by_id/su92l-4zz18-ywqn26gpxtolv1x/SS6004479.vfy," OK
"
98,/data-sdd/forrest/keep/by_id/su92l-4zz18-ywqn26gpxtolv1x/LP6005441-DNA_E03.vfy," OK
"
99,/data-sdd/forrest/keep/by_id/su92l-4zz18-ywqn26gpxtolv1x/LP6005443-DNA_F06.vfy," OK
"
100,/data-sdd/forrest/keep/by_id/su92l-4zz18-ywqn26gpxtolv1x/LP6005442-DNA_B12.vfy," OK
"
101,/data-sdd/forrest/keep/by_id/su92l-4zz18-ywqn26gpxtolv1x/LP6005443-DNA_G02.vfy," OK
"
102,/data-sdd/forrest/keep/by_id/su92l-4zz18-ywqn26gpxtolv1x/LP6005441-DNA_H11.vfy," OK
"
103,/data-sdd/forrest/keep/by_id/su92l-4zz18-ywqn26gpxtolv1x/SS6004471.vfy," OK
"
104,/data-sdd/forrest/keep/by_id/su92l-4zz18-ywqn26gpxtolv1x/LP6005441-DNA_D07.vfy," OK
"
105,/data-sdd/forrest/keep/by_id/su92l-4zz18-ywqn26gpxtolv1x/LP6005443-DNA_G11.vfy," OK
"
106,/data-sdd/forrest/keep/by_id/su92l-4zz18-ywqn26gpxtolv1x/LP6005443-DNA_C07.vfy," OK
"
107,/data-sdd/forrest/keep/by_id/su92l-4zz18-ywqn26gpxtolv1x/LP6005442-DNA_D02.vfy," OK
"
108,/data-sdd/forrest/keep/by_id/su92l-4zz18-ywqn26gpxtolv1x/LP6005441-DNA_C10.vfy," OK
"
109,/data-sdd/forrest/keep/by_id/su92l-4zz18-ywqn26gpxtolv1x/LP6005443-DNA_D04.vfy," OK
"
110,/data-sdd/forrest/keep/by_id/su92l-4zz18-ywqn26gpxtolv1x/LP6005442-DNA_A11.vfy," OK
"
111,/data-sdd/forrest/keep/by_id/su92l-4zz18-ywqn26gpxtolv1x/LP6005442-DNA_D08.vfy," OK
"
112,/data-sdd/forrest/keep/by_id/su92l-4zz18-ywqn26gpxtolv1x/LP6005443-DNA_C04.vfy," OK
"
113,/data-sdd/forrest/keep/by_id/su92l-4zz18-ywqn26gpxtolv1x/LP6005441-DNA_E09.vfy," OK
"
114,/data-sdd/forrest/keep/by_id/su92l-4zz18-ywqn26gpxtolv1x/LP6005441-DNA_F01.vfy," OK
"
115,/data-sdd/forrest/keep/by_id/su92l-4zz18-ywqn26gpxtolv1x/LP6005442-DNA_F04.vfy," OK
"
116,/data-sdd/forrest/keep/by_id/su92l-4zz18-ywqn26gpxtolv1x/LP6005442-DNA_C10.vfy," OK
"
117,/data-sdd/forrest/keep/by_id/su92l-4zz18-ywqn26gpxtolv1x/LP6005442-DNA_D09.vfy," OK
"
118,/data-sdd/forrest/keep/by_id/su92l-4zz18-ywqn26gpxtolv1x/LP6005441-DNA_B07.vfy," OK
"
119,/data-sdd/forrest/keep/by_id/su92l-4zz18-ywqn26gpxtolv1x/LP6005443-DNA_G01.vfy," OK
"
120,/data-sdd/forrest/keep/by_id/su92l-4zz18-ywqn26gpxtolv1x/SS6004477.vfy," OK
"
121,/data-sdd/forrest/keep/by_id/su92l-4zz18-ywqn26gpxtolv1x/LP6005441-DNA_G06.vfy," OK
"
122,/data-sdd/forrest/keep/by_id/su92l-4zz18-ywqn26gpxtolv1x/SS6004478.vfy," OK
"
123,/data-sdd/forrest/keep/by_id/su92l-4zz18-ywqn26gpxtolv1x/LP6005443-DNA_A08.vfy," OK
"
124,/data-sdd/forrest/keep/by_id/su92l-4zz18-ywqn26gpxtolv1x/LP6005441-DNA_G11.vfy," OK
"
125,/data-sdd/forrest/keep/by_id/su92l-4zz18-ywqn26gpxtolv1x/LP6005441-DNA_E10.vfy," OK
"
126,/data-sdd/forrest/keep/by_id/su92l-4zz18-ywqn26gpxtolv1x/LP6005519-DNA_A05.vfy," OK
"
127,/data-sdd/forrest/keep/by_id/su92l-4zz18-ywqn26gpxtolv1x/LP6005592-DNA_G03.vfy," OK
"
128,/data-sdd/forrest/keep/by_id/su92l-4zz18-ywqn26gpxtolv1x/LP6005441-DNA_C11.vfy," OK
"
129,/data-sdd/forrest/keep/by_id/su92l-4zz18-ywqn26gpxtolv1x/LP6005441-DNA_D06.vfy," OK
"
130,/data-sdd/forrest/keep/by_id/su92l-4zz18-ywqn26gpxtolv1x/LP6005441-DNA_B01.vfy," OK
"
131,/data-sdd/forrest/keep/by_id/su92l-4zz18-ywqn26gpxtolv1x/LP6005441-DNA_A10.vfy," OK
"
132,/data-sdd/forrest/keep/by_id/su92l-4zz18-ywqn26gpxtolv1x/LP6005443-DNA_E01.vfy," OK
"
133,/data-sdd/forrest/keep/by_id/su92l-4zz18-ywqn26gpxtolv1x/LP6005441-DNA_G07.vfy," OK
"
134,/data-sdd/forrest/keep/by_id/su92l-4zz18-ywqn26gpxtolv1x/LP6005442-DNA_A02.vfy," OK
"
135,/data-sdd/forrest/keep/by_id/su92l-4zz18-ywqn26gpxtolv1x/LP6005442-DNA_H12.vfy," OK
"
136,/data-sdd/forrest/keep/by_id/su92l-4zz18-ywqn26gpxtolv1x/LP6005592-DNA_B02.vfy," OK
"
137,/data-sdd/forrest/keep/by_id/su92l-4zz18-ywqn26gpxtolv1x/LP6005441-DNA_E06.vfy," OK
"
138,/data-sdd/forrest/keep/by_id/su92l-4zz18-ywqn26gpxtolv1x/LP6005443-DNA_F11.vfy," OK
"
139,/data-sdd/forrest/keep/by_id/su92l-4zz18-ywqn26gpxtolv1x/LP6005442-DNA_D11.vfy," OK
"
140,/data-sdd/forrest/keep/by_id/su92l-4zz18-ywqn26gpxtolv1x/LP6005441-DNA_H08.vfy," OK
"
141,/data-sdd/forrest/keep/by_id/su92l-4zz18-ywqn26gpxtolv1x/LP6005442-DNA_C07.vfy," OK
"
142,/data-sdd/forrest/keep/by_id/su92l-4zz18-ywqn26gpxtolv1x/LP6005592-DNA_B01.vfy," OK
"
143,/data-sdd/forrest/keep/by_id/su92l-4zz18-ywqn26gpxtolv1x/LP6005442-DNA_G11.vfy," OK
"
144,/data-sdd/forrest/keep/by_id/su92l-4zz18-ywqn26gpxtolv1x/LP6005441-DNA_E02.vfy," OK
"
145,/data-sdd/forrest/keep/by_id/su92l-4zz18-ywqn26gpxtolv1x/LP6005443-DNA_D07.vfy," OK
"
146,/data-sdd/forrest/keep/by_id/su92l-4zz18-ywqn26gpxtolv1x/LP6005443-DNA_C08.vfy," OK
"
147,/data-sdd/forrest/keep/by_id/su92l-4zz18-ywqn26gpxtolv1x/LP6005443-DNA_B01.vfy," OK
"
148,/data-sdd/forrest/keep/by_id/su92l-4zz18-ywqn26gpxtolv1x/LP6005519-DNA_F04.vfy," OK
"
149,/data-sdd/forrest/keep/by_id/su92l-4zz18-ywqn26gpxtolv1x/SS6004475.vfy," OK
"
150,/data-sdd/forrest/keep/by_id/su92l-4zz18-ywqn26gpxtolv1x/LP6005443-DNA_H11.vfy," OK
"
151,/data-sdd/forrest/keep/by_id/su92l-4zz18-ywqn26gpxtolv1x/LP6005519-DNA_C03.vfy," OK
"
152,/data-sdd/forrest/keep/by_id/su92l-4zz18-ywqn26gpxtolv1x/LP6005442-DNA_F12.vfy," OK
"
153,/data-sdd/forrest/keep/by_id/su92l-4zz18-ywqn26gpxtolv1x/LP6005443-DNA_D01.vfy," OK
"
154,/data-sdd/forrest/keep/by_id/su92l-4zz18-ywqn26gpxtolv1x/LP6005443-DNA_A03.vfy," OK
"
155,/data-sdd/forrest/keep/by_id/su92l-4zz18-ywqn26gpxtolv1x/LP6005442-DNA_C04.vfy," OK
"
156,/data-sdd/forrest/keep/by_id/su92l-4zz18-ywqn26gpxtolv1x/LP6005592-DNA_C05.vfy," OK
"
157,/data-sdd/forrest/keep/by_id/su92l-4zz18-ywqn26gpxtolv1x/LP6005442-DNA_H09.vfy," OK
"
158,/data-sdd/forrest/keep/by_id/su92l-4zz18-ywqn26gpxtolv1x/LP6005441-DNA_A09.vfy," OK
"
159,/data-sdd/forrest/keep/by_id/su92l-4zz18-ywqn26gpxtolv1x/LP6005443-DNA_D09.vfy," OK
"
160,/data-sdd/forrest/keep/by_id/su92l-4zz18-ywqn26gpxtolv1x/LP6005441-DNA_A04.vfy," OK
"
161,/data-sdd/forrest/keep/by_id/su92l-4zz18-ywqn26gpxtolv1x/LP6005441-DNA_B05.vfy," OK
"
162,/data-sdd/forrest/keep/by_id/su92l-4zz18-ywqn26gpxtolv1x/LP6005441-DNA_B04.vfy," OK
"
163,/data-sdd/forrest/keep/by_id/su92l-4zz18-ywqn26gpxtolv1x/LP6005442-DNA_G02.vfy," OK
"
164,/data-sdd/forrest/keep/by_id/su92l-4zz18-ywqn26gpxtolv1x/LP6005441-DNA_E07.vfy," OK
"
165,/data-sdd/forrest/keep/by_id/su92l-4zz18-ywqn26gpxtolv1x/LP6005443-DNA_H07.vfy," OK
"
166,/data-sdd/forrest/keep/by_id/su92l-4zz18-ywqn26gpxtolv1x/LP6005677-DNA_A03.vfy," OK
"
167,/data-sdd/forrest/keep/by_id/su92l-4zz18-ywqn26gpxtolv1x/LP6005677-DNA_B01.vfy," OK
"
168,/data-sdd/forrest/keep/by_id/su92l-4zz18-ywqn26gpxtolv1x/LP6005677-DNA_C03.vfy," OK
"
169,/data-sdd/forrest/keep/by_id/su92l-4zz18-ywqn26gpxtolv1x/SS6004474.vfy," OK
"
170,/data-sdd/forrest/keep/by_id/su92l-4zz18-ywqn26gpxtolv1x/LP6005442-DNA_F11.vfy," OK
"
171,/data-sdd/forrest/keep/by_id/su92l-4zz18-ywqn26gpxtolv1x/LP6005442-DNA_G10.vfy," OK
"
172,/data-sdd/forrest/keep/by_id/su92l-4zz18-ywqn26gpxtolv1x/SS6004468.vfy," OK
"
173,/data-sdd/forrest/keep/by_id/su92l-4zz18-ywqn26gpxtolv1x/LP6005443-DNA_E06.vfy," OK
"
174,/data-sdd/forrest/keep/by_id/su92l-4zz18-ywqn26gpxtolv1x/LP6005592-DNA_F03.vfy," OK
"
175,/data-sdd/forrest/keep/by_id/su92l-4zz18-ywqn26gpxtolv1x/LP6005443-DNA_B10.vfy," OK
"
176,/data-sdd/forrest/keep/by_id/su92l-4zz18-ywqn26gpxtolv1x/LP6005443-DNA_E11.vfy," OK
"
177,/data-sdd/forrest/keep/by_id/su92l-4zz18-ywqn26gpxtolv1x/LP6005443-DNA_A07.vfy," OK
"
178,/data-sdd/forrest/keep/by_id/su92l-4zz18-ywqn26gpxtolv1x/LP6005519-DNA_D04.vfy," OK
"
179,/data-sdd/forrest/keep/by_id/su92l-4zz18-ywqn26gpxtolv1x/SS6004470.vfy," OK
"
180,/data-sdd/forrest/keep/by_id/su92l-4zz18-ywqn26gpxtolv1x/LP6005677-DNA_A02.vfy," OK
"
181,/data-sdd/forrest/keep/by_id/su92l-4zz18-ywqn26gpxtolv1x/LP6005443-DNA_B08.vfy," OK
"
182,/data-sdd/forrest/keep/by_id/su92l-4zz18-ywqn26gpxtolv1x/LP6005443-DNA_E09.vfy," OK
"
183,/data-sdd/forrest/keep/by_id/su92l-4zz18-ywqn26gpxtolv1x/LP6005443-DNA_B09.vfy," OK
"
184,/data-sdd/forrest/keep/by_id/su92l-4zz18-ywqn26gpxtolv1x/LP6005441-DNA_B06.vfy," OK
"
185,/data-sdd/forrest/keep/by_id/su92l-4zz18-ywqn26gpxtolv1x/LP6005443-DNA_E07.vfy," OK
"
186,/data-sdd/forrest/keep/by_id/su92l-4zz18-ywqn26gpxtolv1x/LP6005441-DNA_H10.vfy," OK
"
187,/data-sdd/forrest/keep/by_id/su92l-4zz18-ywqn26gpxtolv1x/LP6005441-DNA_D10.vfy," OK
"
188,/data-sdd/forrest/keep/by_id/su92l-4zz18-ywqn26gpxtolv1x/LP6005441-DNA_B12.vfy," OK
"
189,/data-sdd/forrest/keep/by_id/su92l-4zz18-ywqn26gpxtolv1x/LP6005443-DNA_H03.vfy," OK
"
190,/data-sdd/forrest/keep/by_id/su92l-4zz18-ywqn26gpxtolv1x/LP6005592-DNA_D03.vfy," OK
"
191,/data-sdd/forrest/keep/by_id/su92l-4zz18-ywqn26gpxtolv1x/LP6005443-DNA_E10.vfy," OK
"
192,/data-sdd/forrest/keep/by_id/su92l-4zz18-ywqn26gpxtolv1x/LP6005677-DNA_B02.vfy," OK
"
193,/data-sdd/forrest/keep/by_id/su92l-4zz18-ywqn26gpxtolv1x/LP6005443-DNA_B03.vfy," OK
"
194,/data-sdd/forrest/keep/by_id/su92l-4zz18-ywqn26gpxtolv1x/LP6005442-DNA_G04.vfy," OK
"
195,/data-sdd/forrest/keep/by_id/su92l-4zz18-ywqn26gpxtolv1x/LP6005443-DNA_E08.vfy," OK
"
196,/data-sdd/forrest/keep/by_id/su92l-4zz18-ywqn26gpxtolv1x/SS6004480.vfy," OK
"
197,/data-sdd/forrest/keep/by_id/su92l-4zz18-ywqn26gpxtolv1x/LP6005441-DNA_G09.vfy," OK
"
198,/data-sdd/forrest/keep/by_id/su92l-4zz18-ywqn26gpxtolv1x/LP6005442-DNA_A12.vfy," OK
"
199,/data-sdd/forrest/keep/by_id/su92l-4zz18-ywqn26gpxtolv1x/LP6005442-DNA_B10.vfy," OK
"
200,/data-sdd/forrest/keep/by_id/su92l-4zz18-ywqn26gpxtolv1x/LP6005443-DNA_H05.vfy," OK
"
201,/data-sdd/forrest/keep/by_id/su92l-4zz18-ywqn26gpxtolv1x/LP6005441-DNA_C06.vfy," OK
"
202,/data-sdd/forrest/keep/by_id/su92l-4zz18-ywqn26gpxtolv1x/LP6005442-DNA_F02.vfy," OK
"
203,/data-sdd/forrest/keep/by_id/su92l-4zz18-ywqn26gpxtolv1x/LP6005442-DNA_B04.vfy," OK
"
204,/data-sdd/forrest/keep/by_id/su92l-4zz18-ywqn26gpxtolv1x/LP6005441-DNA_B09.vfy," OK
"
205,/data-sdd/forrest/keep/by_id/su92l-4zz18-ywqn26gpxtolv1x/LP6005443-DNA_B02.vfy," OK
"
206,/data-sdd/forrest/keep/by_id/su92l-4zz18-ywqn26gpxtolv1x/LP6005442-DNA_F10.vfy," OK
"
207,/data-sdd/forrest/keep/by_id/su92l-4zz18-ywqn26gpxtolv1x/LP6005441-DNA_H07.vfy," OK
"
208,/data-sdd/forrest/keep/by_id/su92l-4zz18-ywqn26gpxtolv1x/LP6005519-DNA_E05.vfy," OK
"
209,/data-sdd/forrest/keep/by_id/su92l-4zz18-ywqn26gpxtolv1x/LP6005592-DNA_C03.vfy," OK
"
210,/data-sdd/forrest/keep/by_id/su92l-4zz18-ywqn26gpxtolv1x/LP6005443-DNA_B04.vfy," OK
"
211,/data-sdd/forrest/keep/by_id/su92l-4zz18-ywqn26gpxtolv1x/LP6005441-DNA_B10.vfy," OK
"
212,/data-sdd/forrest/keep/by_id/su92l-4zz18-ywqn26gpxtolv1x/LP6005442-DNA_H10.vfy," OK
"
213,/data-sdd/forrest/keep/by_id/su92l-4zz18-ywqn26gpxtolv1x/SS6004467.vfy," OK
"
214,/data-sdd/forrest/keep/by_id/su92l-4zz18-ywqn26gpxtolv1x/LP6005441-DNA_G04.vfy," OK
"
215,/data-sdd/forrest/keep/by_id/su92l-4zz18-ywqn26gpxtolv1x/LP6005443-DNA_E02.vfy," OK
"
216,/data-sdd/forrest/keep/by_id/su92l-4zz18-ywqn26gpxtolv1x/LP6005441-DNA_H02.vfy," OK
"
217,/data-sdd/forrest/keep/by_id/su92l-4zz18-ywqn26gpxtolv1x/LP6005519-DNA_B04.vfy," OK
"
218,/data-sdd/forrest/keep/by_id/su92l-4zz18-ywqn26gpxtolv1x/LP6005442-DNA_C02.vfy," OK
"
219,/data-sdd/forrest/keep/by_id/su92l-4zz18-ywqn26gpxtolv1x/LP6005677-DNA_D03.vfy," OK
"
220,/data-sdd/forrest/keep/by_id/su92l-4zz18-ywqn26gpxtolv1x/LP6005519-DNA_D01.vfy," OK
"
221,/data-sdd/forrest/keep/by_id/su92l-4zz18-ywqn26gpxtolv1x/LP6005441-DNA_C09.vfy," OK
"
222,/data-sdd/forrest/keep/by_id/su92l-4zz18-ywqn26gpxtolv1x/LP6005443-DNA_A01.vfy," OK
"
223,/data-sdd/forrest/keep/by_id/su92l-4zz18-ywqn26gpxtolv1x/LP6005441-DNA_A01.vfy," OK
"
224,/data-sdd/forrest/keep/by_id/su92l-4zz18-ywqn26gpxtolv1x/LP6005592-DNA_H01.vfy," OK
"
225,/data-sdd/forrest/keep/by_id/su92l-4zz18-ywqn26gpxtolv1x/LP6005442-DNA_G07.vfy," OK
"
226,/data-sdd/forrest/keep/by_id/su92l-4zz18-ywqn26gpxtolv1x/LP6005519-DNA_D03.vfy," OK
"
227,/data-sdd/forrest/keep/by_id/su92l-4zz18-ywqn26gpxtolv1x/LP6005442-DNA_E10.vfy," OK
"
228,/data-sdd/forrest/keep/by_id/su92l-4zz18-ywqn26gpxtolv1x/LP6005441-DNA_B02.vfy," OK
"
229,/data-sdd/forrest/keep/by_id/su92l-4zz18-ywqn26gpxtolv1x/LP6005442-DNA_H03.vfy," OK
"
230,/data-sdd/forrest/keep/by_id/su92l-4zz18-ywqn26gpxtolv1x/LP6005443-DNA_F10.vfy," OK
"
231,/data-sdd/forrest/keep/by_id/su92l-4zz18-ywqn26gpxtolv1x/SS6004472.vfy," OK
"
232,/data-sdd/forrest/keep/by_id/su92l-4zz18-ywqn26gpxtolv1x/LP6005441-DNA_H12.vfy," OK
"
233,/data-sdd/forrest/keep/by_id/su92l-4zz18-ywqn26gpxtolv1x/LP6005442-DNA_B11.vfy," OK
"
234,/data-sdd/forrest/keep/by_id/su92l-4zz18-ywqn26gpxtolv1x/LP6005442-DNA_E07.vfy," OK
"
235,/data-sdd/forrest/keep/by_id/su92l-4zz18-ywqn26gpxtolv1x/LP6005442-DNA_B01.vfy," OK
"
236,/data-sdd/forrest/keep/by_id/su92l-4zz18-ywqn26gpxtolv1x/LP6005519-DNA_D05.vfy," OK
"
237,/data-sdd/forrest/keep/by_id/su92l-4zz18-ywqn26gpxtolv1x/LP6005442-DNA_F01.vfy," OK
"
238,/data-sdd/forrest/keep/by_id/su92l-4zz18-ywqn26gpxtolv1x/LP6005443-DNA_F08.vfy," OK
"
239,/data-sdd/forrest/keep/by_id/su92l-4zz18-ywqn26gpxtolv1x/LP6005441-DNA_H06.vfy," OK
"
240,/data-sdd/forrest/keep/by_id/su92l-4zz18-ywqn26gpxtolv1x/LP6005441-DNA_G03.vfy," OK
"
241,/data-sdd/forrest/keep/by_id/su92l-4zz18-ywqn26gpxtolv1x/LP6005592-DNA_C01.vfy," OK
"
242,/data-sdd/forrest/keep/by_id/su92l-4zz18-ywqn26gpxtolv1x/LP6005519-DNA_C05.vfy," OK
"
243,/data-sdd/forrest/keep/by_id/su92l-4zz18-ywqn26gpxtolv1x/LP6005443-DNA_F02.vfy," OK
"
244,/data-sdd/forrest/keep/by_id/su92l-4zz18-ywqn26gpxtolv1x/LP6005441-DNA_G12.vfy," OK
"
245,/data-sdd/forrest/keep/by_id/su92l-4zz18-ywqn26gpxtolv1x/LP6005519-DNA_A04.vfy," OK
"
246,/data-sdd/forrest/keep/by_id/su92l-4zz18-ywqn26gpxtolv1x/LP6005443-DNA_G07.vfy," OK
"
247,/data-sdd/forrest/keep/by_id/su92l-4zz18-ywqn26gpxtolv1x/LP6005441-DNA_D12.vfy," OK
"
248,/data-sdd/forrest/keep/by_id/su92l-4zz18-ywqn26gpxtolv1x/LP6005592-DNA_A04.vfy," OK
"
249,/data-sdd/forrest/keep/by_id/su92l-4zz18-ywqn26gpxtolv1x/LP6005442-DNA_G09.vfy," OK
"
250,/data-sdd/forrest/keep/by_id/su92l-4zz18-ywqn26gpxtolv1x/LP6005619-DNA_B01.vfy," OK
"
251,/data-sdd/forrest/keep/by_id/su92l-4zz18-ywqn26gpxtolv1x/LP6005592-DNA_H03.vfy," OK
"
252,/data-sdd/forrest/keep/by_id/su92l-4zz18-ywqn26gpxtolv1x/LP6005592-DNA_G01.vfy," OK
"
253,/data-sdd/forrest/keep/by_id/su92l-4zz18-ywqn26gpxtolv1x/LP6005519-DNA_H04.vfy," OK
"
254,/data-sdd/forrest/keep/by_id/su92l-4zz18-ywqn26gpxtolv1x/LP6005592-DNA_F01.vfy," OK
"
255,/data-sdd/forrest/keep/by_id/su92l-4zz18-ywqn26gpxtolv1x/LP6005442-DNA_G03.vfy," OK
"
256,/data-sdd/forrest/keep/by_id/su92l-4zz18-ywqn26gpxtolv1x/LP6005677-DNA_E01.vfy," OK
"
257,/data-sdd/forrest/keep/by_id/su92l-4zz18-ywqn26gpxtolv1x/LP6005442-DNA_G01.vfy," OK
"
258,/data-sdd/forrest/keep/by_id/su92l-4zz18-ywqn26gpxtolv1x/LP6005592-DNA_E02.vfy," OK
"
259,/data-sdd/forrest/keep/by_id/su92l-4zz18-ywqn26gpxtolv1x/LP6005519-DNA_C06.vfy," OK
"
260,/data-sdd/forrest/keep/by_id/su92l-4zz18-ywqn26gpxtolv1x/LP6005443-DNA_E05.vfy," OK
"
261,/data-sdd/forrest/keep/by_id/su92l-4zz18-ywqn26gpxtolv1x/LP6005441-DNA_H09.vfy," OK
"
262,/data-sdd/forrest/keep/by_id/su92l-4zz18-ywqn26gpxtolv1x/LP6005443-DNA_F03.vfy," OK
"
263,/data-sdd/forrest/keep/by_id/su92l-4zz18-ywqn26gpxtolv1x/LP6005592-DNA_D04.vfy," OK
"
264,/data-sdd/forrest/keep/by_id/su92l-4zz18-ywqn26gpxtolv1x/LP6005677-DNA_D01.vfy," OK
"
265,/data-sdd/forrest/keep/by_id/su92l-4zz18-ywqn26gpxtolv1x/LP6005442-DNA_H11.vfy," OK
"
266,/data-sdd/forrest/keep/by_id/su92l-4zz18-ywqn26gpxtolv1x/LP6005519-DNA_G03.vfy," OK
"
267,/data-sdd/forrest/keep/by_id/su92l-4zz18-ywqn26gpxtolv1x/LP6005443-DNA_H02.vfy," OK
"
268,/data-sdd/forrest/keep/by_id/su92l-4zz18-ywqn26gpxtolv1x/LP6005443-DNA_G03.vfy," OK
"
269,/data-sdd/forrest/keep/by_id/su92l-4zz18-ywqn26gpxtolv1x/LP6005441-DNA_A11.vfy," OK
"
270,/data-sdd/forrest/keep/by_id/su92l-4zz18-ywqn26gpxtolv1x/LP6005443-DNA_A02.vfy," OK
"
271,/data-sdd/forrest/keep/by_id/su92l-4zz18-ywqn26gpxtolv1x/LP6005443-DNA_C09.vfy," OK
"
272,/data-sdd/forrest/keep/by_id/su92l-4zz18-ywqn26gpxtolv1x/LP6005519-DNA_G02.vfy," OK
"
273,/data-sdd/forrest/keep/by_id/su92l-4zz18-ywqn26gpxtolv1x/SS6004476.vfy," OK
"
274,/data-sdd/forrest/keep/by_id/su92l-4zz18-ywqn26gpxtolv1x/LP6005441-DNA_A08.vfy," OK
"
275,/data-sdd/forrest/keep/by_id/su92l-4zz18-ywqn26gpxtolv1x/LP6005677-DNA_G01.vfy," OK
"
276,/data-sdd/forrest/keep/by_id/su92l-4zz18-ywqn26gpxtolv1x/LP6005519-DNA_C04.vfy," OK
"
277,/data-sdd/forrest/keep/by_id/su92l-4zz18-ywqn26gpxtolv1x/LP6005519-DNA_H03.vfy," OK
"
278,/data-sdd/forrest/keep/by_id/su92l-4zz18-ywqn26gpxtolv1x/LP6005441-DNA_C07.vfy," OK
"
